<?xml version="1.0" encoding="UTF-8"?>
<feature
      id="org.eclipse.gmf.doc"
      label="%featureName"
      version="1.4.0.v20110520-2359-35-8s73553F3H179DL"
      provider-name="%providerName">

   <description url="http://www.eclipse.org/gmf">
      %description
   </description>

   <copyright url="http://www.eclipse.org/legal/epl-v10.html">
      Copyright (c) 2002-2005 IBM Corporation and others.
All rights reserved.   This program and the accompanying materials
are made available under the terms of the Eclipse Public License
v1.0
which accompanies this distribution, and is available at
http://www.eclipse.org/legal/epl-v10.html
   </copyright>

   <license url="%licenseURL">
      %license
   </license>

   <url>
      <update label="%updateSiteName" url="http://download.eclipse.org/modeling/gmf/updates/releases/"/>
   </url>

   <requires>
      <import plugin="org.eclipse.ui" version="3.2.0" match="compatible"/>
      <import plugin="org.eclipse.core.runtime" version="3.2.0" match="compatible"/>
      <import plugin="org.eclipse.ui.cheatsheets" version="3.2.0" match="compatible"/>
      <import plugin="org.eclipse.gmf.graphdef.edit" version="2.0.0" match="compatible"/>
      <import plugin="org.eclipse.gmf.bridge.ui" version="1.0.0" match="compatible"/>
      <import plugin="org.eclipse.emf.codegen.ecore.ui" version="2.2.0" match="compatible"/>
      <import plugin="org.eclipse.gmf.tooldef.edit" version="2.0.0" match="compatible"/>
   </requires>

   <plugin
         id="org.eclipse.gmf.doc"
         download-size="0"
         install-size="0"
         version="1.3.0.v20110607-2359"
         unpack="false"/>

   <plugin
         id="org.eclipse.gmf.doc.ui"
         download-size="0"
         install-size="0"
         version="1.3.0.v20110607-2359"
         unpack="false"/>

</feature>
