<?xml version="1.0" encoding="UTF-8"?> 
<conf> 
<map path="C:\Users\lili\Desktop\Runner\DACFile\initialMapXml.xml"> 
<description> Contains the initial map used in the reasoning </description> 
</map> 
<finalmap path="C:\Users\lili\Desktop\Runner\DACFile\finalMap.xml"> 
<description> Contains the a temporary map used by the adaptation manager initial map used in the reasoning </description>  
</finalmap> 
<dotFile path="C:\Users\lili\Desktop\Runner\DACFile\CausalMapDotFile.dot">  
<description> Contains the dot file used from graphiz</description> 
</dotFile> 
<resultFile path="C:\Users\lili\Desktop\Runner\DACFile\resultFile.txt"> 
<description>Contains the results of the computation</description> 
</resultFile> 
<resultPdf path="C:\Users\lili\Desktop\Runner\DACFile\CausalMapPdfFile.pdf"> 
<description>Contains the Pdf File map</description> 
</resultPdf> 
<countermeasureMapping path="C:\Users\lili\Desktop\Runner\DACFile\countermeasureMapping.xml"> 
<description>Contains the map between the real countermeasure and the causal network once</description> 
</countermeasureMapping> 
<graphviz path="C:\Program Files (x86)\Graphviz 2.28\bin\dot"> 
<description>Contains the Graphviz path</description> 
</graphviz> 
<implementedCountermeasure path="C:\Users\lili\Desktop\Runner\DACFile\implementedCountermeasure.xml"> 
<description>Contains the path of the countermeasure implemented in the system</description>  
</implementedCountermeasure> 
</conf> 
