<?xml version="1.0" encoding="UTF-8"?><maps><map name=""><concepts><concept act="ORSGOAL" fixed="false" input="0.9333333333333333" name="Accountability" output="0.16666666666666666"/><concept act="THREAT" fixed="false" input="0.6" name="Alter Proposal" output="0.6"><description>Criticality of threat Alter Proposal</description></concept><concept act="ORSGOAL" fixed="false" input="1.0" name="Authentication" output="0.3333333333333333"/><concept act="ORSGOAL" fixed="false" input="0.0" name="Authorization" output="0.0"/><concept act="ATTACK" fixed="false" input="0.6" name="Change Proposal" output="0.0"><description>Probability of success of attack Change Proposal</description></concept><concept act="ASSET" fixed="true" input="0.0" name="Computer" output="0.6"/><concept act="ATTACK" fixed="false" input="0.6" name="Copy Proposal" output="0.0"><description>Probability of success of attack Copy Proposal</description></concept><concept act="CRISPCOUNTERMEASURE" fixed="true" input="0.0" name="Fingerprint" output="0.0"/><concept act="THREAT" fixed="false" input="0.6" name="Get Proposal" output="0.6"><description>Criticality of threat Get Proposal</description></concept><concept act="VULNERABILITY" fixed="false" input="-0.2" name="Intruder can access to the office" output="0.0"/><concept act="CRISPCOUNTERMEASURE" fixed="true" input="0.0" name="NFC" output="1.0"/><concept act="ASSET" fixed="false" input="0.6" name="Office" output="0.6"/><concept act="PRISK" fixed="false" input="0.6" name="PRChange Proposal" output="0.0"><description>The risk of attack Change Proposal</description></concept><concept act="PRISK" fixed="false" input="0.6" name="PRCopy Proposal" output="0.0"><description>The risk of attack Copy Proposal</description></concept><concept act="PRISK" fixed="false" input="0.6" name="PRSteal Computer" output="0.0"><description>The risk of attack Steal Computer</description></concept><concept act="CRISPCOUNTERMEASURE" fixed="true" input="0.0" name="Password" output="0.0"/><concept act="FR" fixed="false" input="0.0" name="PostDoc Enters Office" output="0.2"/><concept act="CONTEXT" fixed="true" input="0.0" name="Prof not in Office" output="0.0"/><concept act="ASSET" fixed="true" input="0.0" name="Proposal" output="0.6"/><concept act="CRISPCOUNTERMEASURE" fixed="true" input="0.0" name="RevokePostDoc" output="0.0"/><concept act="CRISPCOUNTERMEASURE" fixed="true" input="0.0" name="RevokeStudent" output="0.0"/><concept act="RISK" fixed="false" input="0.0" name="Risk" output="0.0"><description>An estimation of the total risk</description></concept><concept act="ATTACK" fixed="false" input="0.6" name="Steal Computer" output="0.0"><description>Probability of success of attack Steal Computer</description></concept><concept act="FR" fixed="false" input="0.0" name="Student Enters Office" output="0.1"/><concept act="THREAT" fixed="false" input="0.6" name="Take Computer" output="0.6"><description>Criticality of threat Take Computer</description></concept><concept act="NFR" fixed="false" input="0.0" name="Usability" output="0.4"/><concept act="UTILITY" fixed="false" input="0.75" name="Utility" output="0.7500000000000001"><description>An estimation of the utility of a countermeasure</description></concept></concepts><connections><connection from="Accountability" name="Accountability-Utility" to="Utility" type="WEIGHTED"><param name="weight" value="0.3"/></connection><connection from="Alter Proposal" name="Alter Proposal-Change Proposal" to="Change Proposal" type="WEIGHTED"><param name="weight" value="1.0"/></connection><connection from="Authentication" name="Authentication-Accountability" to="Accountability" type="WEIGHTED"><param name="weight" value="1.0"/></connection><connection from="Authorization" name="Authorization-Accountability" to="Accountability" type="WEIGHTED"><param name="weight" value="1.0"/></connection><connection from="Change Proposal" name="Change Proposal-PRChange Proposal" to="PRChange Proposal" type="WEIGHTED"><param name="weight" value="1.0"/></connection><connection from="Computer" name="Computer-Office" to="Office" type="WEIGHTED"><param name="weight" value="0.5"/></connection><connection from="Computer" name="Computer-PRSteal Computer" to="PRSteal Computer" type="WEIGHTED"><param name="weight" value="1.0"/></connection><connection from="Computer" name="Computer-Take Computer" to="Take Computer" type="WEIGHTED"><param name="weight" value="1.0"/></connection><connection from="Copy Proposal" name="Copy Proposal-PRCopy Proposal" to="PRCopy Proposal" type="WEIGHTED"><param name="weight" value="1.0"/></connection><connection from="Fingerprint" name="Fingerprint-Authentication" to="Authentication" type="WEIGHTED"><param name="weight" value="1.0"/></connection><connection from="Fingerprint" name="Fingerprint-Intruder can access to the office" to="Intruder can access to the office" type="WEIGHTED"><param name="weight" value="-0.1"/></connection><connection from="Fingerprint" name="Fingerprint-Usability" to="Usability" type="WEIGHTED"><param name="weight" value="-0.2"/></connection><connection from="Get Proposal" name="Get Proposal-Copy Proposal" to="Copy Proposal" type="WEIGHTED"><param name="weight" value="1.0"/></connection><connection from="Intruder can access to the office" name="Intruder can access to the office-Change Proposal" to="Change Proposal" type="WEIGHTED"><param name="weight" value="1.0"/></connection><connection from="Intruder can access to the office" name="Intruder can access to the office-Copy Proposal" to="Copy Proposal" type="WEIGHTED"><param name="weight" value="1.0"/></connection><connection from="Intruder can access to the office" name="Intruder can access to the office-Steal Computer" to="Steal Computer" type="WEIGHTED"><param name="weight" value="1.0"/></connection><connection from="NFC" name="NFC-Authentication" to="Authentication" type="WEIGHTED"><param name="weight" value="1.0"/></connection><connection from="NFC" name="NFC-Intruder can access to the office" to="Intruder can access to the office" type="WEIGHTED"><param name="weight" value="-0.2"/></connection><connection from="Office" name="Office-Accountability" to="Accountability" type="WEIGHTED"><param name="weight" value="1.0"/></connection><connection from="PRChange Proposal" name="PRChange Proposal-Risk" to="Risk" type="WEIGHTED"><param name="weight" value="1.0"/></connection><connection from="PRCopy Proposal" name="PRCopy Proposal-Risk" to="Risk" type="WEIGHTED"><param name="weight" value="1.0"/></connection><connection from="PRSteal Computer" name="PRSteal Computer-Risk" to="Risk" type="WEIGHTED"><param name="weight" value="1.0"/></connection><connection from="Password" name="Password-Authentication" to="Authentication" type="WEIGHTED"><param name="weight" value="1.0"/></connection><connection from="Password" name="Password-Intruder can access to the office" to="Intruder can access to the office" type="WEIGHTED"><param name="weight" value="-0.2"/></connection><connection from="Password" name="Password-Usability" to="Usability" type="WEIGHTED"><param name="weight" value="-0.2"/></connection><connection from="PostDoc Enters Office" name="PostDoc Enters Office-Utility" to="Utility" type="WEIGHTED"><param name="weight" value="1.0"/></connection><connection from="Prof not in Office" name="Prof not in Office-Intruder can access to the office" to="Intruder can access to the office" type="WEIGHTED"><param name="weight" value="1.0"/></connection><connection from="Proposal" name="Proposal-Alter Proposal" to="Alter Proposal" type="WEIGHTED"><param name="weight" value="1.0"/></connection><connection from="Proposal" name="Proposal-Get Proposal" to="Get Proposal" type="WEIGHTED"><param name="weight" value="1.0"/></connection><connection from="Proposal" name="Proposal-Office" to="Office" type="WEIGHTED"><param name="weight" value="0.5"/></connection><connection from="Proposal" name="Proposal-PRChange Proposal" to="PRChange Proposal" type="WEIGHTED"><param name="weight" value="1.0"/></connection><connection from="Proposal" name="Proposal-PRCopy Proposal" to="PRCopy Proposal" type="WEIGHTED"><param name="weight" value="1.0"/></connection><connection from="RevokePostDoc" name="RevokePostDoc-Authorization" to="Authorization" type="WEIGHTED"><param name="weight" value="1.0"/></connection><connection from="RevokePostDoc" name="RevokePostDoc-Intruder can access to the office" to="Intruder can access to the office" type="WEIGHTED"><param name="weight" value="-0.2"/></connection><connection from="RevokePostDoc" name="RevokePostDoc-PostDoc Enters Office" to="PostDoc Enters Office" type="WEIGHTED"><param name="weight" value="-0.2"/></connection><connection from="RevokeStudent" name="RevokeStudent-Authorization" to="Authorization" type="WEIGHTED"><param name="weight" value="1.0"/></connection><connection from="RevokeStudent" name="RevokeStudent-Intruder can access to the office" to="Intruder can access to the office" type="WEIGHTED"><param name="weight" value="-0.3"/></connection><connection from="RevokeStudent" name="RevokeStudent-Student Enters Office" to="Student Enters Office" type="WEIGHTED"><param name="weight" value="-0.1"/></connection><connection from="Risk" name="Risk-Utility" to="Utility" type="WEIGHTED"><param name="weight" value="-1.0"/></connection><connection from="Steal Computer" name="Steal Computer-PRSteal Computer" to="PRSteal Computer" type="WEIGHTED"><param name="weight" value="1.0"/></connection><connection from="Student Enters Office" name="Student Enters Office-Utility" to="Utility" type="WEIGHTED"><param name="weight" value="1.0"/></connection><connection from="Take Computer" name="Take Computer-Steal Computer" to="Steal Computer" type="WEIGHTED"><param name="weight" value="1.0"/></connection><connection from="Usability" name="Usability-Utility" to="Utility" type="WEIGHTED"><param name="weight" value="1.0"/></connection></connections></map></maps>