<?xml version="1.0" encoding="UTF-8"?>
<feature
      id="org.eclipse.gmf.sdk.experimental"
      label="%featureName"
      version="1.1.1.v20100421-2359-7A77EpF7RZHMqIuThAYtkz-08Q9X"
      provider-name="%providerName">

   <description url="http://www.eclipse.org/gmf">
      %description
   </description>

   <copyright url="http://www.eclipse.org/legal/epl-v10.html">
      Copyright (c) 2006 Borland Software Corporation and others.
All rights reserved.   This program and the accompanying materials
are made available under the terms of the Eclipse Public License
v1.0
which accompanies this distribution, and is available at
http://www.eclipse.org/legal/epl-v10.html
   </copyright>

   <license url="%licenseURL">
      %license
   </license>

   <url>
      <update label="%updateSiteName" url="http://download.eclipse.org/modeling/gmf/updates/releases/"/>
   </url>

   <includes
         id="org.eclipse.gmf.runtime.thirdparty"
         version="0.0.0"/>

   <includes
         id="org.eclipse.gmf.sdk.experimental.source"
         version="1.1.1.v20100421-2359"/>

   <requires>
      <import plugin="org.eclipse.core.runtime" version="3.3.0" match="compatible"/>
      <import plugin="org.eclipse.emf.codegen.ecore" version="2.3.0" match="compatible"/>
      <import plugin="org.eclipse.gmf.common" version="1.1.0" match="compatible"/>
      <import plugin="org.eclipse.gmf.codegen" version="2.0.0" match="compatible"/>
      <import plugin="org.eclipse.gmf.xpand" version="2.0.0" match="compatible"/>
      <import plugin="org.eclipse.core.resources" version="3.3.0" match="compatible"/>
      <import plugin="org.eclipse.ui" version="3.3.0" match="compatible"/>
      <import plugin="org.eclipse.gmf.codegen.lite" version="1.1.0" match="compatible"/>
      <import plugin="org.eclipse.gmf.codegen.ui" version="1.1.0" match="compatible"/>
      <import plugin="org.eclipse.gmf.bridge.ui.dashboard" version="2.0.0" match="compatible"/>
      <import plugin="org.eclipse.core.expressions"/>
      <import plugin="org.eclipse.jface"/>
      <import plugin="org.eclipse.ui.ide"/>
      <import plugin="org.eclipse.ui.views"/>
      <import plugin="org.eclipse.ui.navigator"/>
      <import plugin="org.eclipse.emf.ecore"/>
      <import plugin="org.eclipse.emf.ecore.xmi"/>
      <import plugin="org.eclipse.emf.edit.ui"/>
      <import plugin="org.eclipse.gef"/>
      <import plugin="org.eclipse.gmf.runtime.emf.core"/>
      <import plugin="org.eclipse.gmf.runtime.emf.commands.core"/>
      <import plugin="org.eclipse.gmf.runtime.emf.ui.properties"/>
      <import plugin="org.eclipse.gmf.runtime.diagram.ui"/>
      <import plugin="org.eclipse.gmf.runtime.diagram.ui.properties"/>
      <import plugin="org.eclipse.gmf.runtime.diagram.ui.providers"/>
      <import plugin="org.eclipse.gmf.runtime.diagram.ui.providers.ide"/>
      <import plugin="org.eclipse.gmf.runtime.diagram.ui.render"/>
      <import plugin="org.eclipse.gmf.runtime.diagram.ui.resources.editor"/>
      <import plugin="org.eclipse.gmf.runtime.diagram.ui.resources.editor.ide"/>
      <import plugin="org.eclipse.gmf.graphdef"/>
      <import plugin="org.eclipse.gmf.graphdef.edit"/>
      <import plugin="org.eclipse.gmf.runtime.draw2d.ui"/>
      <import plugin="org.eclipse.draw2d"/>
      <import plugin="org.eclipse.emf.ecore" version="2.3.0" match="compatible"/>
      <import plugin="org.eclipse.gmf.bridge" version="1.1.0" match="compatible"/>
      <import plugin="org.eclipse.emf.ecore.xmi" version="2.3.0" match="compatible"/>
      <import plugin="org.eclipse.emf.common"/>
      <import plugin="org.eclipse.gmf.runtime.notation"/>
      <import plugin="org.eclipse.emf.edit"/>
      <import plugin="org.eclipse.emf.transaction"/>
      <import plugin="org.eclipse.emf.workspace"/>
      <import plugin="org.eclipse.ui.views.properties.tabbed"/>
      <import plugin="org.eclipse.gmf.runtime.notation.providers"/>
      <import plugin="org.eclipse.ui.navigator.resources"/>
      <import plugin="org.eclipse.ocl.ecore"/>
      <import plugin="org.apache.batik.bridge"/>
      <import plugin="org.apache.batik.css"/>
      <import plugin="org.apache.batik.dom"/>
      <import plugin="org.apache.batik.dom.svg"/>
      <import plugin="org.apache.batik.ext.awt"/>
      <import plugin="org.apache.batik.svggen"/>
      <import plugin="org.apache.batik.transcoder"/>
      <import plugin="org.apache.batik.util"/>
      <import plugin="org.w3c.dom.svg"/>
      <import plugin="org.eclipse.ui.workbench"/>
      <import plugin="org.eclipse.ui.workbench.texteditor"/>
      <import plugin="org.eclipse.gmf.map"/>
      <import plugin="org.eclipse.gmf.map.edit"/>
      <import plugin="org.eclipse.gmf.tooldef"/>
      <import plugin="org.eclipse.gmf.tooldef.edit"/>
   </requires>

   <plugin
         id="org.eclipse.gmf.codegen.lite"
         download-size="0"
         install-size="0"
         version="1.1.200.v20100421-2359"
         unpack="false"/>

   <plugin
         id="org.eclipse.gmf.codegen.lite.ui"
         download-size="0"
         install-size="0"
         version="1.1.100.v20100302-2359"
         unpack="false"/>

   <plugin
         id="org.eclipse.gmf.graphdef.editor"
         download-size="0"
         install-size="0"
         version="1.1.0.v20090929-1734"
         unpack="false"/>

   <plugin
         id="org.eclipse.gmf.bridge.trace"
         download-size="0"
         install-size="0"
         version="1.0.200.v200912151755"
         unpack="false"/>

   <plugin
         id="org.eclipse.gmf.runtime.lite"
         download-size="0"
         install-size="0"
         version="1.0.0.v20090602-1925"
         unpack="false"/>

   <plugin
         id="org.eclipse.gmf.runtime.lite.svg"
         download-size="0"
         install-size="0"
         version="1.0.0.v20090615-0828"
         unpack="false"/>

   <plugin
         id="org.eclipse.gmf.map.editor"
         download-size="0"
         install-size="0"
         version="1.0.0.v20100121-1020"
         unpack="false"/>

</feature>
