<?xml version="1.0" encoding="UTF-8"?>
<feature
      id="org.eclipse.gmf.examples.runtime.ui.pde"
      label="%featureName"
      version="1.5.0.v20110607-1200-2307w3121182703341"
      provider-name="%providerName">

   <description url="http://www.eclipse.org/gmf">
      %description
   </description>

   <copyright url="http://www.eclipse.org/legal/epl-v10.html">
      Copyright (c) 2002-2005 IBM Corporation and others.
All rights reserved.   This program and the accompanying materials
are made available under the terms of the Eclipse Public License v1.0
which accompanies this distribution, and is available at
http://www.eclipse.org/legal/epl-v10.html
   </copyright>

   <license url="%licenseURL">
      %license
   </license>

   <url>
      <update label="%updateSiteName" url="http://download.eclipse.org/modeling/gmf/updates/releases/"/>
   </url>

   <requires>
      <import feature="org.eclipse.gmf" version="1.4.0" match="compatible"/>
   </requires>

   <plugin
         id="org.eclipse.gmf.examples.runtime.ui.pde"
         download-size="0"
         install-size="0"
         version="1.4.1.v20100716-2230"
         unpack="false"/>

</feature>
